Home Team,Away Team,Home Odds,Away Odds,Home Prob,Away Prob,Avg. Home Profit,Avg. Away Profit,Home Std,Away Std
ORL,MIA,-105,-115,0.5258932977967794,0.4731168264764157,-7.087499001581172,-15.617902700633742,97.4880598438256,93.34304866376216
TOR,NYK,160,-192,0.5447797173582336,0.45446992692050464,28.642726513140744,-29.455886237067023,129.47759234454512,75.72574354142681
OKC,PHX,-1350,800,0.7730781600298633,0.22831185466399645,-22.336049478273942,114.9572997341835,44.98669455342502,377.7701640732694
LAL,SAS,-185,154,0.5199041860803482,0.4790538174460955,-27.609355117351768,13.064706494733528,76.96597021317896,126.88851045216023
