Home Team,Away Team,Home Odds,Away Odds,Home Prob,Away Prob,Avg. Home Profit,Avg. Away Profit,Home Std,Away Std
WAS,BOS,340,-440,0.2029790793661418,0.7966656212504196,-32.68920507889761,-67.73241885314901,176.97551151457608,49.39517496251443
PHI,GSW,-185,154,0.5453370828722021,0.4549544007093195,-23.691314260228335,11.896685996455403,76.70972290551416,126.48355701950672
BKN,UTA,170,-205,0.4153334843640236,0.5845725358319177,-1.3599592217136234,-37.38994249862605,133.0504500720745,73.31836716020489
TOR,LAL,-142,120,0.6634774415163142,0.3355745928366295,4.550380878132408,-4.383304707973039,80.52805195867529,103.8820071869587
NOP,MIN,425,-575,0.16519867820551293,0.8355942398852468,-39.52069394210572,-74.81762365970529,194.96387652873187,43.51030840368669
ORL,MIA,-218,180,0.5028979354921225,0.4975742503015331,-33.935071795185806,25.853158603488204,72.93455477247477,139.99835239705712
TOR,NYK,110,-130,0.662380105406705,0.33668087431332216,28.59982213540806,-16.709614512150868,99.30862062446309,83.60937301467621
OKC,PHX,-1200,750,0.7607148915456966,0.23835114159673199,-23.005886749216202,112.33484535211866,46.22010216837125,362.1637193487948
LAL,SAS,-162,136,0.5389651763528113,0.4613723185767006,-20.92044678738485,4.8431529617123985,80.61827378876022,117.64733793198594
