Home Team,Away Team,Home Odds,Away Odds,Home Prob,Away Prob,Avg. Home Profit,Avg. Away Profit,Home Std,Away Std
IND,SAC,-170,142,0.5003005773168672,0.49825161358384995,-28.481673014379925,8.681786860593405,79.41175035669558,120.99926023881409
MIN,PHX,-440,340,0.6695509413784213,0.3315946141490469,-23.96420264901193,57.69726294851808,57.72781972977004,207.14591860998232
NOP,SAS,320,-410,0.16541089823759125,0.8346725990620063,-51.52742274021168,-69.3205541015578,156.05141286766306,46.20796226032191
ORL,MIA,-105,-115,0.5310057889117592,0.4677048400199444,-6.089345974370836,-15.57726110708979,97.43117294060919,93.2830656534666
TOR,NYK,140,-166,0.5475747569022678,0.45133185805081033,19.417941656544258,-26.065906354905138,119.4555591353025,79.7400338276942
OKC,PHX,-1200,750,0.7952235458130905,0.2060796870479995,-19.26744920358186,91.58211986730868,43.716635533081806,343.8151230831886
LAL,SAS,-175,145,0.5225403582621657,0.47609807474954713,-25.743657987373968,9.0382566649009,78.49154874847666,122.35995094641278
