Home Team,Away Team,Home Odds,Away Odds,Home Prob,Away Prob,Avg. Home Profit,Avg. Away Profit,Home Std,Away Std
OKC,PHX,-1050,675,0.7691500916501582,0.22859991429295412,-21.23594234307791,92.46995131275986,46.15076906445976,325.4464776777416
LAL,SAS,-250,205,0.5264882833848049,0.4753411564859079,-33.29164032612732,34.84376541809159,69.90170290149729,152.3144292315565
MIL,BOS,230,-285,0.2935330274863305,0.7045322489852993,-19.63410092951095,-52.680653427321374,150.27556118852863,61.63414153241968
HOU,LAC,-345,275,0.8228179965470986,0.17585860370647033,-0.31767870624380024,11.892915673989208,49.24958904177688,142.7624336134996
NOP,POR,180,-218,0.3540870522453944,0.645097003644662,-14.855625371289577,-42.29326708533846,133.9060038815319,69.7971953396773
SAC,DEN,300,-380,0.24925891387586396,0.7484598788503377,-20.29643444965442,-61.693585484773145,173.0335956879073,54.808199599510225
ORL,NYK,145,-175,0.47497822172354354,0.526847305324435,4.119664322268164,-30.25376038053508,122.34651194242659,78.45808173121362
